1;xm1014.png
2;ump45.png
3;Tec9.png
4;Taser.png
5;target_skull.png
6;SSG08.png
7;smokegrenade.png
8;SG556.png
9;sg552.png
10;Scar20.png
11;Sawedoff.png
12;p90.png
13;p250.png
14;Nova.png
15;nightvision.png
16;Negev.png
17;MP9.png
18;MP7.png
19;Molotov.png
20;Mag7.png
21;mac10.png
22;m4a1.png
23;m249.png
24;Loadouts.png
25;kevlar_helmet.png
26;kevlar.png
27;incgrenade.png
28;icon-xm1014_grey.png
29;icon-xm1014.png
30;icon-usp_silencer_off_grey.png
31;icon-usp_silencer_off.png
32;icon-usp_silencer_grey.png
33;icon-usp_silencer.png
34;icon-usp_grey.png
35;icon-ump45_grey.png
36;icon-ump45.png
37;icon-tmp_grey.png
38;icon-tec9_grey.png
39;icon-tec9.png
40;icon-taser_grey.png
41;icon-taser.png
42;icon-suicide_grey.png
43;icon-suicide.png
44;icon-ssg08_grey.png
45;icon-ssg08.png
46;icon-smokegrenade_impact_grey.png
47;icon-smokegrenade_impact.png
48;icon-smokegrenade_grey.png
49;icon-smokegrenade.png
50;icon-sg556_grey.png
51;icon-sg556.png
52;icon-sg552_grey.png
53;icon-sg552.png
54;icon-sg550_grey.png
55;icon-scout_grey.png
56;icon-scar20_grey.png
57;icon-scar20.png
58;icon-scar17_grey.png
59;icon-sawedoff_grey.png
60;icon-sawedoff.png
61;icon-revolver_grey.png
62;icon-revolver.png
63;icon-revenge_grey.png
64;icon-revenge.png
65;icon-revenge.jpg
66;icon-prop_exploding_barrel.png
67;icon-penetrate_grey.png
68;icon-penetrate.png
69;icon-p90_grey.png
70;icon-p90.png
71;icon-p250_grey.png
72;icon-p250.png
73;icon-p228_grey.png
74;icon-nova_grey.png
75;icon-nova.png
76;icon-negev_grey.png
77;icon-negev.png
78;icon-mp9_grey.png
79;icon-mp9.png
80;icon-mp7_grey.png
81;icon-mp7.png
82;icon-mp5sd_grey.png
83;icon-mp5sd.png
84;icon-mp5navy_grey.png
85;icon-molotov_impact_grey.png
86;icon-molotov_impact.png
87;icon-molotov_grey.png
88;icon-molotov.png
89;icon-mission-grey.png
90;icon-mission-bonus-grey.png
91;icon-mission-bonus.png
92;icon-mission.png
93;icon-mag7_grey.png
94;icon-mag7.png
95;icon-mac10_grey.png
96;icon-mac10.png
97;icon-m4a1_silencer_off_grey.png
98;icon-m4a1_silencer_off.png
99;icon-m4a1_silencer_grey.png
100;icon-m4a1_silencer.png
101;icon-m4a1_grey.png
102;icon-m4a1.png
103;icon-m3_grey.png
104;icon-m249_grey.png
105;icon-m249.png
106;icon-knife_widowmaker_grey.png
107;icon-knife_widowmaker.png
108;icon-knife_ursus_grey.png
109;icon-knife_ursus.png
110;icon-knife_tactical.png
111;icon-knife_t_grey.png
112;icon-knife_t.png
113;icon-knife_survival_bowie_grey.png
114;icon-knife_survival_bowie.png
115;icon-knife_stiletto_grey.png
116;icon-knife_stiletto.png
117;icon-knife_push_grey.png
118;icon-knife_push.png
119;icon-knife_m9_bayonet_grey.png
120;icon-knife_m9_bayonet.png
121;icon-knife_karam_grey.png
122;icon-knife_karambit.png
123;icon-knife_gypsy_jackknife_grey.png
124;icon-knife_gypsy_jackknife.png
125;icon-knife_gut_grey.png
126;icon-knife_gut.png
127;icon-knife_grey.png
128;icon-knife_flip_grey.png
129;icon-knife_flip.png
130;icon-knife_falchion_grey.png
131;icon-knife_falchion.png
132;icon-knife_ct_grey.png
133;icon-knife_ct.png
134;icon-knife_css_grey.png
135;icon-knife_css.png
136;icon-knife_cord_grey.png
137;icon-knife_cord.png
138;icon-knife_canis_grey.png
139;icon-knife_canis.png
140;icon-knife_butterfly.png
141;icon-knife_bayonet_grey.png
142;icon-bayonet.png
143;icon-invite.png
144;icon-inferno_grey.png
145;icon-inferno.png
146;icon-incgrenade_impact_grey.png
147;icon-incgrenade_impact.png
148;icon-incgrenade_grey.png
149;icon-incgrenade.png
150;icon-hkp2000_grey.png
151;icon-hkp2000.png
152;icon-hegrenade_impact_grey.png
153;icon-hegrenade_impact.png
154;icon-hegrenade_grey.png
155;icon-hegrenade.png
156;icon-headshot_grey.png
157;icon-headshot.png
158;icon-grenade_grey.png
159;icon-grenade.png
160;icon-glock_grey.png
161;icon-glock.png
162;icon-galilar.png
163;icon-galil_grey.png
164;icon-g3sg1_grey.png
165;icon-g3sg1.png
166;icon-flashbang_impact_grey.png
167;icon-flashbang_impact.png
168;icon-flashbang_grey.png
169;icon-flashbang.png
170;icon-fiveseven_grey.png
171;icon-fiveseven.png
172;icon-famas_grey.png
173;icon-famas.png
174;icon-elite_grey.png
175;icon-elite.png
176;icon-domination_grey.png
177;icon-domination.png
178;icon-defuser.png
179;icon-decoy_impact_grey.png
180;icon-decoy_impact.png
181;icon-decoy_grey.png
182;icon-decoy.png
183;icon-deagle_grey.png
184;icon-deagle.png
185;icon-cz75a_grey.png
186;icon-cz75a.png
187;icon-bomb-holder.png
188;icon-bizon_grey.png
189;icon-bizon.png
190;icon-awp_grey.png
191;icon-awp.png
192;icon-aug_grey.png
193;icon-aug.png
194;icon-armor_helmet.png
195;icon-armor.png
196;icon-ak47_grey.png
197;icon-ak47.png
198;icon_steam.png
199;icon_refresh.png
200;icon_like.png
201;HKP2000.png
202;helmet.png
203;hegrenade.png
204;glock.png
205;Galilar.png
206;g3sg1.png
207;flashbang.png
208;flag_ZA.png
209;flag_VN.png
210;flag_VE.png
211;flag_US.png
212;flag_UA.png
213;flag_TW.png
214;flag_TR.png
215;flag_TH.png
216;flag_SQ.png
217;flag_SK.png
218;flag_SI.png
219;flag_SG.png
220;flag_SE.png
221;flag_SA.png
222;flag_RU.png
223;flag_RS.png
224;flag_RO.png
225;flag_RE.png
226;flag_PT.png
227;flag_PL.png
228;flag_PK.png
229;flag_PH.png
230;flag_PE.png
231;flag_NZ.png
232;flag_NO.png
233;flag_NL.png
234;flag_MY.png
235;flag_MX.png
236;flag_MO.png
237;flag_MK.png
238;flag_LY.png
239;flag_LV.png
240;flag_LU.png
241;flag_LT.png
242;flag_KZ.png
243;flag_KR.png
244;flag_JP.png
245;flag_IT.png
246;flag_IS.png
247;flag_IR.png
248;flag_IN.png
249;flag_IL.png
250;flag_IE.png
251;flag_ID.png
252;flag_HU.png
253;flag_HR.png
254;flag_HK.png
255;flag_GR.png
256;flag_GP.png
257;flag_GB.png
258;flag_FR.png
259;flag_FI.png
260;flag_EU.png
261;flag_ES.png
262;flag_EE.png
263;flag_DZ.png
264;flag_DK.png
265;flag_DE.png
266;flag_CZ.png
267;flag_CN.png
268;flag_CL.png
269;flag_CH.png
270;flag_CC.png
271;flag_CA.png
272;flag_BY.png
273;flag_BR.png
274;flag_BG.png
275;flag_BE.png
276;flag_AU.png
277;flag_AT.png
278;flag_AR.png
279;flag_AE.png
280;fiveseven.png
281;find_icon.png
282;famas.png
283;Equipment.png
284;enter_key.png
285;elite.png
286;defuser.png
287;Decoy.png
288;deagle.png
289;comp_wins.png
290;commend_teacher.png
291;commend_leader.png
292;commend_friendly.png
293;c4.png
294;Bizon.png
295;AWP.png
296;aug.png
297;assaultsuit.png
298;arrow_key.png
299;arrow_dn_key.png
300;ak47.png
302;WeaponPNGIcons
304;icon-ak47
306;icon-aug
308;icon-awp
310;icon-c4
312;icon-deagle
314;icon-elite
316;icon-famas
318;icon-fiveseven
320;icon-flashbang
322;icon-g3sg1
324;icon-glock
326;icon-grenade
328;icon-hegrenade
330;icon-knife_t
332;icon-m4a1
334;icon-m249
336;icon-mac10
338;icon-p90
340;icon-sg552
342;icon-smokegrenade
344;icon-ump45
346;icon-xm1014
348;icon-bizon
350;icon-negev
352;icon-mp7
354;icon-scar20
356;icon-mag7
358;icon-sawedoff
360;icon-mp9
362;icon-sg556
364;icon-tec9
366;icon-nova
368;icon-ssg08
370;icon-taser
372;icon-p250
374;icon-molotov
376;icon-hkp2000
378;icon-decoy
380;icon-assaultsuit
382;icon-galilar
384;icon-incgrenade
385;icon-loadouts
386;WeaponLineArtCollection
388;ak47.movie
390;xm1014.movie
392;ump45.movie
394;smokegrenade.movie
396;sg552.movie
398;p90.movie
400;nightvision.movie
402;mac10.movie
404;m249.movie
406;m4a1.movie
408;assaultsuit.movie
410;kevlar.movie
412;helmet.movie
414;hegrenade.movie
416;glock.movie
418;elite.movie
420;flashbang.movie
422;g3sg1.movie
424;fiveseven.movie
426;famas.movie
428;deagle.movie
431;defuser.movie
433;awp.movie
435;aug.movie
437;bizon.movie
439;mag7.movie
441;negev.movie
442;stryker.movie
444;tec9.movie
446;taser.movie
448;hkp2000.movie
450;mp7.movie
452;mp9.movie
454;nova.movie
456;p250.movie
458;scar20.movie
460;sg556.movie
462;ssg08.movie
464;molotov.movie
465;equipment.movie
467;sawedoff.movie
469;loadouts.movie
471;galilar.movie
473;incgrenade.movie
474;WeaponImages
475;weapon-pic
478;usp_silencer.movie
481;m4a1_silencer.movie
484;heavyassaultsuit.movie
487;heavyassaultsuit-ct.movie
489;decoy.movie
490;cutters.movie
491;weapon
493;outline-icon-knife_push
495;outline-icon-xm1014
497;outline-icon-ump45
499;outline-icon-tec9
501;outline-icon-taser
503;outline-icon-ssg08
505;outline-icon-sg556
507;outline-icon-sg552
509;outline-icon-scar20
511;outline-icon-sawedoff
513;outline-icon-p250
515;outline-icon-p90
517;outline-icon-nova
519;outline-icon-negev
521;outline-icon-mp9
523;outline-icon-mp7
525;outline-icon-molotov
527;outline-icon-mag7
529;outline-icon-mac10
531;outline-icon-m249
533;outline-icon-m4a1
535;outline-icon-m3
537;outline-icon-incgrenade
539;outline-icon-hkp2000
541;outline-icon-hegrenade
543;outline-icon-glock
545;outline-icon-galilar
547;outline-icon-g3sg1
549;outline-icon-flashbang
551;outline-icon-fiveseven
553;outline-icon-famas
555;outline-icon-elite
557;outline-icon-decoy
559;outline-icon-deagle
561;outline-icon-cz75a
563;outline-icon-bizon
565;outline-icon-awp
567;outline-icon-aug
569;outline-icon-ak47
571;icon-targetskull
573;icon-tagrenade
576;icon-skirmish9
579;icon-skirmish8
582;icon-skirmish5
583;icon-skirmish2
586;icon-skirmish-td
589;icon-skirmish-ssz
592;icon-skirmish-hs
593;icon-skirmish-hg
594;icon-skirmish-has
597;icon-skirmish-fs
600;icon-scrimcomp5v5
601;icon-scrimcomp2v2
603;icon-money
604;icon-knife
606;icon-kevlar
608;icon-healthshotammo
610;icon-healthshot
612;icon-fists
614;icon-equipment2
616;icon-equipment
618;icon-cz75a
620;icon-cutters
622;icon-breachcharge
624;icon-adrenaline
628;icon-loading-t
632;icon-loading-ct
635;icon-xray
638;icon-watch
641;icon-UI
643;icon-tablet
645;icon-knife_push
648;icon-gear
650;icon-bomb-arrow-segment3
652;icon-bomb-arrow-segment2
653;icon-bomb-arrow-segment1
655;icon-bomb-arrow-segment-fill
656;icon-bomb-arrow-segment
658;icon-select
661;icon-coopmission
663;icon-killquest
666;icon-mission-t
669;icon-mission-ct
672;icon-assassin
675;icon-cooperative
677;outline-icon-knife_falchion
679;icon-knife_falchion
724;icon_flashed_overhead
727;icon-gungametrbomb
730;icon-gungameprogressive
732;icon-chicken
735;icon-deathmatch
737;outline-icon-knife_canis
739;icon-knife_canis
741;outline-icon-knife_cord
743;icon-knife_cord
745;outline-icon-knife_widowmaker
747;outiline-icon-knife_stiletto
749;icon-knife_stiletto
751;icon-knife_widowmaker
753;icon-knife_ursus
755;outline-icon-knife_ursus
757;icon-spatula
759;icon-hammer
761;icon-spanner
763;icon-axe
765;icon-smokebeacon
767;icon-beartrap
769;outiline-icon-knife_gypsy_jackknife
771;icon-knife_gypsy_jackknife
773;icon-mp5sd
775;outline-icon-mp5sd
777;icon-knife_survival_bowie
779;outline-icon-knife_survival_bowie
781;icon-income
783;icon-hostage
785;icon-bomb
788;icon-no_symbol
791;icon-speaker
794;icon-camera
797;legacy-logo
799;icon-knife_butterfly
801;outline-icon-knife_butterfly
803;icon-mission
805;icon-knife_tactical
807;outline-icon-knife_tactical
810;DreamHackWinter2013WhiteSmall
813;competitive-logo
815;outline-icon-knife_gut
817;icon-knife_gut
819;outline-icon-knife_karambit
821;icon-knife_karambit
823;outline-icon-knife_m9_bayonet
825;icon-knife_m9_bayonet
827;outline-icon-bayonet
829;icon-bayonet
831;icon-knife_flip
833;outline-icon-knife_flip
836;icon-t-patch-small
839;icon-ct-patch-small
841;outline-icon-m4a1_silencer
843;outline-icon-revolver
845;outline-icon-usp_silencer
847;outline-icon-knife_css
849;outline-icon-knife_ct
851;outline-icon-knife_t
853;icon-knife_css
855;icon-usp_silencer
857;icon-revolver
859;icon-m4a1_silencer
861;icon-find
863;icon-steam
865;icon-refresh
867;icon-like-map
869;key-dn-arrow
871;Symbol 1
873;key-enter
875;commend-teacher
877;commend-leader
879;comp-wins
881;commend-friendly
883;icon-invite
885;icon_scoreboard_dominatee
887;icon_scoreboard_dominator
889;icon-knife_ct
891;icon-dominated
893;icon-domination-break
895;icon-dominating
897;icon-suicide
899;icon-headshot
901;icon-armor
903;icon-armor-helmet
905;ammo-flashbang
907;ammo-hegrenade
909;ammo-grenade
911;ammo-smokegrenade
912;icon-bomb-holder
914;icon-hostage-zone
916;icon-bomb-planted
917;icon-defuser
